# main links
main:
  - title: "Technology"
    url: /docs/technology/
  - title: "AI/ML"
    url: /docs/ai-ml/
  - title: "Physics"
    url: /docs/physics/
  - title: "Specialized"
    url: /docs/distributed-systems/
  - title: "Advanced Topics"
    url: /docs/advanced/
  - title: "Reference"
    url: /docs/reference/
  - title: "Topic Map"
    url: /docs/topic-map.html
  - title: "Search"
    url: /search.html

# documentation sidebar
docs:
  - title: Navigation
    children:
      - title: "Topic Map"
        url: /docs/topic-map.html
      - title: "Search"
        url: /search.html

  - title: Technology
    children:
      - title: "Technology Overview"
        url: /docs/technology/index.html
      - title: "AWS"
        url: /docs/technology/aws/
        children:
          - title: "Compute"
            url: /docs/technology/aws/compute.html
          - title: "Storage"
            url: /docs/technology/aws/storage.html
          - title: "Databases"
            url: /docs/technology/aws/databases.html
          - title: "Networking"
            url: /docs/technology/aws/networking.html
          - title: "Security"
            url: /docs/technology/aws/security.html
          - title: "Infrastructure"
            url: /docs/technology/aws/infrastructure.html
      - title: "Terraform"
        url: /docs/technology/terraform/
        children:
          - title: "Core Concepts"
            url: /docs/technology/terraform/core-concepts.html
          - title: "State & Modules"
            url: /docs/technology/terraform/state-modules.html
          - title: "Enterprise Patterns"
            url: /docs/technology/terraform/patterns.html
          - title: "Advanced Topics"
            url: /docs/technology/terraform/advanced.html
      - title: "Kubernetes"
        url: /docs/technology/kubernetes/
        children:
          - title: "Fundamentals"
            url: /docs/technology/kubernetes/fundamentals.html
          - title: "Workloads & Storage"
            url: /docs/technology/kubernetes/workloads.html
          - title: "Operations"
            url: /docs/technology/kubernetes/operations.html
          - title: "Advanced Topics"
            url: /docs/technology/kubernetes/advanced.html
      - title: "Docker"
        url: /docs/technology/docker/
        children:
          - title: "Fundamentals"
            url: /docs/technology/docker/fundamentals.html
          - title: "Storage & Security"
            url: /docs/technology/docker/storage-security.html
          - title: "Dockerfiles & CI/CD"
            url: /docs/technology/docker/dockerfiles.html
          - title: "Advanced Patterns"
            url: /docs/technology/docker/advanced.html
      - title: "Version Control"
        url: /docs/technology/git.html
        children:
          - title: "Git Fundamentals"
            url: /docs/technology/git-crash-course.html
          - title: "Git Internals"
            url: /docs/technology/git.html
          - title: "Command Reference"
            url: /docs/technology/git-reference.html
          - title: "Branching Strategies"
            url: /docs/technology/branching.html
      - title: "DevOps & CI/CD"
        url: /docs/technology/ci-cd.html
        children:
          - title: "CI/CD Pipelines"
            url: /docs/technology/ci-cd.html
          - title: "Please Build"
            url: /docs/technology/please-build.html
      - title: "Infrastructure"
        url: /docs/technology/networking.html
        children:
          - title: "Networking"
            url: /docs/technology/networking.html
          - title: "Database Fundamentals"
            url: /docs/technology/database-crash-course.html
          - title: "Database Design"
            url: /docs/technology/database-design.html
          - title: "Cybersecurity"
            url: /docs/technology/cybersecurity.html
      - title: "AI Foundations"
        url: /docs/technology/ai.html
        children:
          - title: "AI Fundamentals"
            url: /docs/technology/ai.html
          - title: "AI Simplified"
            url: /docs/technology/ai-fundamentals-simple.html
          - title: "AI Lecture 2023"
            url: /docs/technology/ai-lecture-2023.html
      - title: "Unreal Engine"
        url: /docs/technology/unreal.html

  - title: Specialized Topics
    children:
      - title: "Computing"
        url: /docs/distributed-systems/index.html
        children:
          - title: "Distributed Systems"
            url: /docs/distributed-systems/index.html
          - title: "Quantum Computing"
            url: /docs/technology/quantumcomputing.html
          - title: "Quantum Computing Hub"
            url: /docs/quantum-computing/index.html
          - title: "AI Hub"
            url: /docs/artificial-intelligence/index.html
      - title: "Creative Development"
        url: /docs/gamedev/index.html
        children:
          - title: "Game Development"
            url: /docs/gamedev/index.html
          - title: "3D Graphics"
            url: /docs/graphics/3d-rendering.html
          - title: "VR/AR Development"
            url: /docs/vr-ar/index.html
      - title: "Performance Optimization"
        url: /docs/optimization/index.html

  - title: AI/ML - Generative AI
    children:
      - title: "AI/ML Overview"
        url: /docs/ai-ml/index.html
      - title: "Fundamentals"
        url: /docs/ai-ml/stable-diffusion-fundamentals.html
        children:
          - title: "Stable Diffusion"
            url: /docs/ai-ml/stable-diffusion-fundamentals.html
          - title: "Base Models"
            url: /docs/ai-ml/base-models-comparison.html
          - title: "Model Types"
            url: /docs/ai-ml/model-types.html
      - title: "Training & Tools"
        url: /docs/ai-ml/lora-training.html
        children:
          - title: "LoRA Training"
            url: /docs/ai-ml/lora-training.html
          - title: "ControlNet"
            url: /docs/ai-ml/controlnet.html
          - title: "ComfyUI"
            url: /docs/ai-ml/comfyui-guide.html
      - title: "Production"
        url: /docs/ai-ml/output-formats.html
        children:
          - title: "Output Formats"
            url: /docs/ai-ml/output-formats.html
          - title: "Advanced Techniques"
            url: /docs/ai-ml/advanced-techniques.html

  - title: Physics
    children:
      - title: "Physics Overview"
        url: /docs/physics/index.html
      - title: "Classical Physics"
        url: /docs/physics/classical-mechanics.html
        children:
          - title: "Classical Mechanics"
            url: /docs/physics/classical-mechanics.html
          - title: "Thermodynamics"
            url: /docs/physics/thermodynamics.html
          - title: "Statistical Mechanics"
            url: /docs/physics/statistical-mechanics.html
      - title: "Quantum & Modern"
        url: /docs/physics/quantum-mechanics.html
        children:
          - title: "Quantum Mechanics"
            url: /docs/physics/quantum-mechanics.html
          - title: "Relativity"
            url: /docs/physics/relativity.html
          - title: "Quantum Field Theory"
            url: /docs/physics/quantum-field-theory.html
      - title: "Advanced Topics"
        url: /docs/physics/condensed-matter.html
        children:
          - title: "Condensed Matter"
            url: /docs/physics/condensed-matter.html
          - title: "String Theory"
            url: /docs/physics/string-theory.html
          - title: "Computational Physics"
            url: /docs/physics/computational-physics.html

  - title: Advanced Topics
    children:
      - title: "Research Hub"
        url: /docs/advanced/index.html
      - title: "AI Mathematics"
        url: /docs/advanced/ai-mathematics/
      - title: "Distributed Systems Theory"
        url: /docs/advanced/distributed-systems-theory/
      - title: "Quantum Algorithms Research"
        url: /docs/advanced/quantum-algorithms-research/
      - title: "Monorepo Architecture"
        url: /docs/advanced/monorepo/

  - title: Quick Reference
    children:
      - title: "Reference Guide"
        url: /docs/reference/index.html
      - title: "Command Cheat Sheets"
        url: /docs/reference/index.html#command-line-references
      - title: "Physics Formulas"
        url: /docs/reference/index.html#physics-formulas--constants
      - title: "Algorithms & Big O"
        url: /docs/reference/index.html#algorithms--data-structures
      - title: "API Patterns"
        url: /docs/reference/index.html#api-reference-patterns
      - title: "Troubleshooting"
        url: /docs/reference/index.html#troubleshooting-flowcharts
      - title: "Best Practices"
        url: /docs/reference/index.html#best-practices-checklists
